id,Exited
4747,0.005146452
11140,0.116594
404,0.15645906
8707,0.041854415
5046,0.008306484
2836,0.0011663568
11277,0.12339855
1645,0.98671603
39,0.84115976
12938,0.9895224
234,0.99285275
7988,0.049095504
2530,0.0033356068
9830,0.00065773516
6276,0.0024389103
4976,0.12229515
5938,0.0022764478
9664,0.028779794
7332,0.012663703
9147,0.0042443736
13734,0.017658362
4943,0.022409284
8903,0.026215978
13766,0.0122124925
1480,0.008474106
13775,0.38485256
3445,0.002316878
4983,0.38002205
5614,0.00082000124
6678,0.017325023
6415,0.0015838176
2995,0.028778343
9993,0.002440872
13732,0.06293313
11918,0.025074491
12204,0.002171687
860,0.0034473208
2927,0.010443016
10555,0.0060648303
11008,0.14803062
10526,0.00032188644
1710,0.0011364867
8167,0.67216474
14721,0.006025292
5650,0.0389261
857,0.057391137
11424,0.003216949
6486,0.00784402
14616,0.10207538
7513,0.8252617
6742,0.0006433032
1472,0.033408873
12789,0.08576243
9526,0.9167665
1968,0.972226
4683,0.0045388737
124,0.34029257
14387,0.0034224892
5641,0.02284241
6810,0.7733035
8799,0.06904489
14812,0.0011286202
6712,0.0027482493
8276,0.00048774434
1111,0.0018946383
5392,0.017572027
560,0.16036679
9331,0.002129673
641,0.25434583
12779,0.15143153
10242,0.39298737
7728,0.5190062
10205,0.016252909
7846,0.0013403505
11959,0.022917824
8147,0.00069202774
3283,0.071218714
4001,0.011598553
9170,0.9725458
13991,0.6442151
12781,0.010946302
2372,0.037118144
2796,0.039737314
3253,0.8512973
6342,0.26939896
14875,0.026188638
5396,0.020603174
1631,0.007415895
4219,0.3331398
11093,0.0012256304
1005,0.0028246117
697,0.0021311936
14710,0.022137875
12820,0.9987382
3073,0.0010213042
9252,0.1375194
7672,0.0022745803
590,0.0049069165
2725,0.10622014
11189,0.3565622
7112,0.040767953
8269,0.24480844
13787,0.0033496434
11310,0.9965945
13657,0.00024996264
14904,0.050010048
7563,0.040491838
6417,0.17006035
6935,0.062218126
2328,0.83201265
8652,0.82079446
8404,0.23638327
3128,0.064919196
13683,0.0014837952
12537,0.0034990879
12970,0.003809212
4212,0.9834847
14149,0.7760613
7984,0.028617276
9941,0.031410925
11269,0.0074562277
2601,0.6732318
4992,0.0087056095
4047,0.009356138
13971,0.21340914
2787,0.031640206
14646,0.00029010055
12166,0.97226125
8298,0.013568397
9554,0.0009388461
2006,0.12684104
5176,0.04858809
5357,0.1757776
5469,0.08030542
7844,0.13770218
2060,0.004194965
11428,0.004206704
9416,0.08546287
5611,0.00439567
6133,0.2851978
14415,0.008287294
8230,0.83695227
6089,0.58071154
2387,0.8271037
9174,0.0026026715
736,0.026527131
11604,0.0036437947
6418,0.0029546195
7791,0.17527257
4516,0.03871611
14378,0.001495174
10905,0.0018666445
2309,0.09591755
7348,0.0018735826
11161,0.0057170717
202,0.0078119515
11435,0.02456867
2635,0.53526926
3615,0.06727466
2903,0.0034958175
12386,0.0155484425
8208,0.0045928652
2748,0.07340242
7864,0.000727997
1194,0.9994103
1160,0.0031530575
7363,0.019408995
315,0.0021056891
819,0.010069081
12337,0.03912966
12981,0.22968857
182,0.013177852
14222,0.004727837
9235,0.008703671
11398,0.82147694
2444,0.00257872
9845,0.00065088045
4720,0.9386504
10933,0.047567118
59,0.9787552
5642,0.004738766
6541,0.0024105476
12036,0.03977395
5721,0.0012492714
6206,0.8056851
1054,0.0003948825
10621,0.06284531
13247,0.022077974
3532,0.9393433
10992,0.09311112
3362,0.66285366
12436,0.008466597
2286,0.00024261283
12414,0.86446583
562,0.09758078
12471,0.0060601956
8255,0.00034708943
7842,0.0072148927
805,0.31227183
5722,0.016129982
2066,0.39854464
5904,0.0050655995
3535,0.16341549
3368,0.38323566
10274,0.27423736
6557,0.15688607
432,0.001671397
13126,0.0080427425
2391,0.0007105627
2708,0.10183277
3536,0.0064443
8772,0.00992296
8286,0.0029224963
11923,0.016573349
14453,0.044741083
14648,0.007800005
12373,0.0016161859
448,0.7531711
10445,0.9079441
7211,0.004984942
6534,0.117449395
5300,0.043410964
13989,0.003975399
2162,0.7167892
9929,0.9966918
11892,0.011221274
14712,0.0020166105
14073,0.0022995053
7472,0.07686666
989,0.18204284
12351,0.008553772
523,0.032741155
3958,0.12066478
207,0.00025069297
5251,0.013324903
11118,0.03340851
11107,0.0051614395
504,0.048890892
5482,0.00048784594
12281,0.017881151
11823,0.23094541
14028,0.013563527
9239,0.21500735
4196,0.03951094
14642,0.0603552
2982,0.010474734
963,0.0005895422
2329,0.0009938774
8734,0.014901324
7071,0.015847592
2912,0.64623076
6461,0.34650978
5679,0.018435601
5861,0.026430426
11814,0.087293744
13949,0.016816137
1432,0.005563777
11139,0.13726814
10258,0.007199406
9263,0.6709671
2648,0.38254964
4243,0.016824268
2327,0.15924697
470,0.024355285
1028,0.041571833
3464,0.01922737
2844,0.02670841
12632,0.40570626
3424,0.13659225
7262,0.00258932
8545,0.0011376543
312,0.006634139
7498,0.01361803
11043,0.017368445
14310,0.0071415883
11247,0.009313589
5573,0.009188205
6798,0.00042808312
6329,0.001833408
14593,0.0017758961
3356,0.9960783
6151,0.024549793
1285,0.023984931
5719,0.006498689
7294,0.07947216
7530,0.013440244
8248,0.0011165699
3385,0.054870572
11142,0.985039
6221,0.022195505
2491,0.0005529277
13842,0.0012145182
6176,0.21888772
6068,0.0036736608
977,0.0023123084
1492,0.9934337
12758,0.17171983
8302,0.9199387
12008,0.9753701
8465,0.030931555
5410,0.0021283834
13589,0.0008749435
7881,0.99572647
8564,0.016916277
529,0.5237529
5360,0.0051231408
2493,0.9929134
11243,0.00029691067
4518,0.032624323
10431,0.0041265935
12434,0.0010250864
10014,0.0009177301
7378,0.00022893847
8097,0.012524576
5672,0.005209563
14279,0.052980576
8446,0.018537562
5178,0.56612825
9299,0.9391487
9649,0.0065730363
7549,0.7959386
13958,0.0030017435
11305,0.026562346
6739,0.0019343228
3951,0.007863147
1756,0.05689607
789,0.07145012
11393,0.5606457
14309,0.7735936
2915,0.63851434
506,0.0005715224
3375,0.02671873
6989,0.20068467
12619,0.024940822
7274,0.17400163
4817,0.07650474
13675,0.003849634
9909,0.016879316
4180,0.00026039142
10480,0.00066561793
11213,0.073487125
10180,0.8126511
8274,0.008567285
4085,0.7468719
6564,0.42388356
2503,0.0001474
3335,0.0030466719
14465,0.005287585
6869,0.27441198
9469,0.8829637
8729,0.038683977
10980,0.36504075
14761,0.23306806
14900,0.00051857874
7267,0.089342825
3924,0.38906735
8064,0.29775015
7836,0.0254376
1336,0.008327907
9031,0.007134746
2807,0.001548784
3252,0.16951881
773,0.993472
13513,0.93573314
11171,0.060661387
5974,0.004185486
13595,0.004644887
11286,0.019124037
3752,0.008260298
1328,0.00028549833
1636,0.5967731
2994,0.043058418
10800,0.11455555
1780,0.00028939007
10698,0.06614541
14146,0.0014726844
11373,0.000605402
13616,0.004266557
6007,0.4304291
593,0.0028406277
9565,0.21419115
12948,0.0022777186
765,0.08831766
13867,0.00073181465
9178,0.85879004
14520,0.0010335511
122,0.019718474
14512,0.0037949786
4316,0.21137545
14256,0.00011290961
12249,0.0009410317
10681,0.0063636038
6305,0.00066679314
5853,0.19176182
4313,0.0014749406
3013,0.0047758752
1253,0.013885387
11793,0.014774451
12584,0.7735546
9955,0.011280035
259,0.030595498
12445,0.0027441056
9426,0.012274374
12681,0.24568112
13340,0.010622802
2925,0.009070754
909,0.078028135
13923,0.9644599
14862,0.014224479
303,0.26643705
3735,0.0028933766
9141,0.041746777
12238,0.0019019825
13954,0.001262588
2832,0.049341626
5555,0.20881757
10770,0.0015909222
1819,0.005114081
1085,0.020606833
9703,0.002959875
10342,0.0006867874
2662,0.00013174216
9815,0.014397254
7601,0.0051708897
14099,0.6037685
5834,0.028221274
4667,0.044352077
4329,0.18408333
8486,0.22861087
11370,0.3991955
8597,0.00067488995
4915,0.00021877102
12477,0.000580959
10486,0.02857021
832,0.029820783
8416,0.021653408
10970,0.11570494
681,0.00025428293
2136,0.92034924
14154,0.727952
14327,0.09005345
7937,0.0034066637
6842,0.7978124
13985,0.016460793
14278,0.0031402719
8782,0.00056394323
11658,0.012835918
6801,0.010815036
31,0.0008668028
9489,0.13090232
12078,0.00575676
5565,0.00045938013
3725,0.82423574
4751,0.1774597
8522,0.9156978
9240,0.003351723
7649,0.3460262
14094,0.41900808
10749,0.7268935
8723,0.00052818353
13326,0.0035505365
14172,0.039201982
1925,0.00928478
12216,0.0016915132
3113,0.00024458027
961,0.048932463
6332,0.000447875
11507,0.0012053836
11938,0.00067865505
4246,0.0043102326
7488,0.15675703
8600,0.003136511
11165,0.25359705
4389,0.00020281556
9410,0.018487496
12933,0.0012112666
2638,0.06843312
2981,0.57508546
12982,0.28777203
4158,0.0030514216
12897,0.033060297
9906,0.44890654
9903,0.00809674
14971,0.5318482
4194,0.50098634
12498,0.0004955144
7855,0.10737299
1807,0.99921846
1317,0.09223987
2558,0.0008276953
9730,0.0033518232
14262,0.003411587
11088,0.32054877
507,0.9423972
4016,0.003631643
497,0.9959115
1348,0.3967348
10080,0.9362469
12342,0.22378466
12491,0.9617304
13896,0.0054476573
10251,0.0063107964
2263,0.0015587171
6239,0.008723849
8764,0.0037664657
14326,0.043670293
12716,0.0023550359
5377,0.0028593577
12056,0.035357427
9840,0.011983717
8502,0.5879571
10024,0.97241104
13535,0.3589834
12775,0.0011070984
9163,0.0022110383
11395,0.0008820901
4265,0.5807018
8969,0.99423146
12143,0.001960232
12999,0.41144547
412,0.03640949
6806,0.13027583
10700,0.16504261
11639,0.0053793886
7941,0.99821126
3240,0.003172149
2607,0.0009687893
9059,0.0019830877
1174,0.0007543989
8882,0.00958004
14903,0.0046700095
9705,0.9621595
790,0.030376792
3759,0.017386293
14461,0.0020380013
12684,0.3003995
12280,0.5444153
4780,0.005403852
2529,0.010880465
3808,0.11143098
2673,0.0019834596
13245,0.0175491
9428,0.07195148
13297,0.013067402
11122,0.03219229
3741,0.41917786
13433,0.034713417
4481,0.01818152
8,0.57450944
9002,0.20201145
2137,0.0009047898
1003,0.006147204
14937,0.0039929305
2592,0.2527143
4947,0.15150012
5337,0.5979075
12323,0.9960537
5857,0.066498354
7612,0.94546586
3590,0.027313165
2536,0.0022934296
4498,0.003060075
5196,0.13152383
8374,0.00074395875
9982,0.5946662
11884,0.00024718055
5626,0.001291302
2594,0.017203536
10271,0.8010432
10033,0.95575446
14359,0.005430074
8367,0.010885038
14729,0.007523744
2777,0.0017169873
6222,0.115317024
1911,0.018783143
12653,0.061999634
14483,0.0034955747
9281,0.7493681
7245,0.11395841
8617,0.03131672
10290,0.0028335196
10513,0.8441946
9654,0.71817905
1343,0.04940656
7833,0.008254128
8875,0.9622261
12923,0.0022910382
10737,0.00019669399
12330,0.04406866
14737,0.07483106
10440,0.015487732
11164,0.19750525
14067,0.018955922
9679,0.0047558565
2681,0.012792168
14207,0.00044561815
4425,6.379494e-05
7397,0.09729387
7030,0.06609559
734,0.0011091015
9490,0.03308334
6805,0.14574137
5648,0.028395977
6025,0.08742787
5270,0.0020015961
8595,0.029643504
11637,0.035131767
6559,0.9589143
357,0.0049407906
7743,0.18675663
3169,0.0075347824
2473,0.78053296
3569,0.16482861
10695,0.0005234747
14323,0.0028654768
7525,0.0060024895
7451,0.031753235
7271,0.053756744
11711,0.018259564
6126,0.011153618
14936,0.03220482
4878,0.9886833
14557,0.045008216
172,0.0009843746
6152,0.0014939585
11968,0.7573282
12809,0.00029253328
5823,0.81558615
12167,0.26920453
9727,0.1262831
8914,0.6060491
12848,0.0093811285
7777,0.0015209262
10278,0.0094253
6034,0.03611012
1361,0.0010561766
2945,0.055253312
7915,0.0059403316
2174,0.0027528729
9465,0.07098424
4471,0.31212804
14801,0.003363713
4784,0.4017011
4142,0.99754083
12413,0.0035109946
2854,0.000181438
10717,0.04015828
1773,0.0020622008
2074,0.0058143036
7709,0.011455846
4419,0.97904336
538,0.049298268
7872,0.24970452
4188,0.90746063
3114,0.016675584
8201,0.38939944
11144,0.004911142
9269,0.36417702
6620,0.18242711
1416,0.6829141
7382,0.002075253
6106,0.30256227
2414,0.0061295805
6770,0.01173853
5775,0.73032755
9563,0.0016606047
6084,0.047015667
5217,0.08893364
181,0.011519866
463,0.003545698
3203,0.021161232
4731,0.04807246
3051,0.9618813
6717,0.99813384
10191,0.024564797
4668,0.0033943774
13494,0.46464932
14233,0.0009148054
11114,0.017851748
6094,0.016714128
10676,0.055452634
72,0.9072576
4758,0.10484707
5606,0.03613863
5796,0.048591115
9884,0.008818166
13760,0.9862103
149,0.09324692
3823,0.5089292
11841,0.7809541
4084,0.010236236
5592,0.01439852
8761,0.03417995
7169,0.8434739
9018,0.9890431
7468,0.00488583
14182,0.13484564
2513,0.0074371886
7810,0.07480992
9336,0.046649
5333,0.96893144
5294,0.013103784
6744,0.051985864
9438,0.0051649814
9780,0.0186895
11180,0.003327437
992,0.008189261
14331,0.12459684
14600,0.016043602
9615,0.22024965
11889,0.0014524754
2,0.013812157
2812,0.0031237437
14622,0.9937935
14990,0.0012250626
2562,0.27550352
2569,0.8071403
2438,0.24367377
12769,0.004589947
1913,0.15587923
14794,0.030193405
13843,0.0015362853
2227,0.5115901
4615,0.057208
7190,0.004050312
10683,0.042870037
10545,0.0046847607
3755,0.017997049
6923,0.045063585
6768,0.020244658
356,0.0034225853
9081,0.006815632
704,0.0001996366
4557,0.06560786
6347,0.06212965
8005,0.031375147
9661,0.00077438384
11058,0.021689987
13500,0.037722122
6372,0.0009813518
366,0.00042566255
8873,0.0013075711
3525,0.46383175
8807,0.012965278
4122,0.08673505
9439,0.005783127
9713,0.0016151775
10628,0.03393248
8683,0.0013946161
13895,0.005214288
12943,0.0045507927
8304,0.0017563023
11969,0.002103525
3192,0.019442616
6,0.0038087508
93,0.0020274904
2876,0.98862237
10594,0.008274446
3658,0.0072465953
3172,0.5935486
7473,0.70787454
8668,0.3203944
5221,0.010080851
11910,0.009583796
1623,0.3503551
9876,0.0016624588
10052,0.24529032
5850,0.3340296
3973,0.4995774
8017,0.0038347032
11853,0.047382828
13575,0.009653144
9121,0.023318266
4323,0.10006714
13279,0.007752624
13052,0.0005256825
9421,0.8672293
1216,0.001748201
1235,0.018874561
2248,0.07436385
5824,0.009739848
662,0.004273113
3558,0.0006050977
12788,0.010424009
14369,0.04344451
9236,0.7503545
5483,0.14871952
10584,0.037847523
8936,0.0021813554
11447,0.06130775
7479,0.0015192863
1945,0.9663173
4490,0.62607646
13416,0.07761467
5992,0.006584177
9503,0.45290932
12977,0.07199746
11587,0.7805542
2719,0.0008761741
2147,0.009335508
7179,0.059973627
6656,0.22558405
13517,0.431964
8411,0.00061733683
14274,0.10200608
10911,0.0031168896
7287,0.7517689
13473,0.0006801585
6359,0.09439048
10320,0.8712524
14451,0.01812997
12152,0.1677801
9632,0.02661234
4670,0.011134028
8252,0.6775901
12020,0.19209588
8912,0.10222803
1055,0.0006510535
11487,0.022363279
3366,0.10189332
14393,0.013702644
3762,0.78147376
13241,0.091563955
3365,9.996177e-05
6337,0.9369696
8563,0.0011766467
12762,0.91151434
14548,0.005430187
8959,0.0010291846
9820,0.003723969
2534,0.94273174
13731,0.8108425
8288,0.006411611
9159,0.037678614
12634,0.00090939045
10798,0.12872113
6653,0.9618043
10260,0.23788173
13353,0.8758655
8043,0.0044761566
176,0.061353415
2359,0.9048041
2949,0.8791871
5922,0.003091358
12018,0.039659213
14244,0.88441414
3571,0.011318198
11351,0.023849817
12819,0.00063648325
13581,0.025190894
4361,0.023503931
1635,0.00010001564
14891,0.004079275
14187,0.012005717
6194,0.0016346681
8536,0.0010907182
651,0.19587632
13552,0.013990275
10048,0.06976716
11425,0.10837989
7652,0.06201056
13206,0.012717067
9882,0.1049486
2987,0.0028133325
13960,0.022262955
5580,0.0003676416
7366,0.0069254716
618,0.14523652
668,0.804482
1573,0.044287268
872,0.0013932886
2881,0.0004142557
2889,0.14930402
7593,0.022371372
747,0.000101845886
7031,0.28552878
2344,0.1375189
9711,0.592906
2940,0.21743983
14613,0.0053108926
9593,0.6507769
7441,0.0024258823
5008,0.0011262617
2700,0.027573984
12644,0.00469469
2542,0.042099494
14072,0.0773126
717,0.5784767
13875,0.9883527
7539,0.03261355
11188,0.004526302
13384,0.0023305016
9080,0.009235098
5821,0.86225206
9022,0.10791515
8593,0.0077812686
5510,0.03963246
14442,0.024687901
4742,0.00015368384
8268,0.00018203999
13412,0.584788
1512,0.0035718954
10456,0.011608774
9480,0.030366898
2408,0.0712049
7027,0.015583303
7405,0.0002357936
1195,0.8515124
13229,0.0028103015
8498,0.09120678
7628,0.25257242
12889,0.033135682
7220,0.09335035
8355,0.9299533
4480,0.16398606
4633,0.3105816
666,0.055279065
6412,0.0052818446
7185,0.0025142196
10661,0.0005811182
6494,0.0018682373
14380,0.0075842584
1171,0.5284165
1754,0.00338703
14532,0.010175962
14739,0.073591106
418,0.925815
1213,0.030955669
9948,0.06925961
5214,0.015526765
1453,0.015682092
5898,0.030471653
7042,0.008964257
8885,0.012070509
8694,0.48578447
3481,0.62545764
671,0.0024951275
2294,0.9649244
9823,0.00064800197
10075,0.004098991
13661,0.0019920042
721,0.5477541
4403,0.613693
11754,0.8376385
11318,0.7243517
2977,0.002850762
7390,0.0035211823
11222,0.024895694
2810,0.02250619
4170,0.008867059
11166,0.005411515
6093,0.0010235036
3789,0.0022388594
12380,0.0008376908
2688,0.0019243886
4191,0.01633888
1729,0.0036254625
14116,0.00861719
12876,0.10535546
3354,0.86612236
10135,0.10509079
14676,0.3954873
1073,0.36964265
3625,0.013237911
8042,0.474932
13619,0.0011521396
12834,0.0023898361
13908,0.02837366
14841,0.42382067
9786,0.95118725
9635,0.00023732508
13726,0.0005051507
1409,0.051356845
1046,0.46640798
4760,0.9515144
12587,0.73281515
10151,0.97870594
6365,0.029784095
682,0.97083575
12383,0.071640275
6491,0.09011002
4815,0.069813795
7384,0.2223743
13926,0.0023373987
6689,0.08216103
4086,0.034466196
9894,0.0022020736
5517,0.0051439013
12629,0.01737867
627,0.0053484333
8197,0.123474404
1093,0.009419052
11482,0.87410617
12059,0.702652
12290,0.9548333
10533,0.010595024
13806,0.011389852
2085,0.002619584
10060,0.012885521
7457,0.30735895
10095,0.0044816844
10534,0.019740075
11807,0.002430478
10932,0.002817023
6522,0.4384137
13780,0.025077207
13004,0.0038699445
4842,0.052066
11462,0.0033664126
13431,0.010359656
4296,0.0076304227
687,0.91438913
8212,0.89699477
1522,0.0109063545
3581,0.008665477
14246,0.1497566
8831,0.10087936
13107,0.17741784
8732,0.0019393094
6031,0.0002171509
7794,0.07402274
10280,0.0022756162
5297,0.13577552
9267,0.0072493097
962,0.0007919684
4625,0.8248029
14275,0.019973855
14058,0.8804062
10888,0.0036463612
1811,0.04114799
12384,0.00959282
5172,0.9562338
11308,0.786047
3279,0.000492253
14517,0.0011611428
13974,0.0017287518
1727,0.9231216
3348,0.23539862
10582,0.033630967
1768,0.017057465
7160,0.019258741
9384,0.0031998998
7059,0.20178998
14588,0.536972
8698,0.006857199
8930,0.36698532
2362,0.006200631
10423,0.016668908
7655,0.010507836
9912,0.3951116
6032,0.21489005
14220,0.011264698
1154,0.007746863
4087,0.013809871
14979,0.012640538
8028,0.0010835708
3294,0.023652136
8382,0.009575078
6965,0.025883837
13218,0.18307213
8285,0.011980511
11845,0.017673861
13540,0.059482872
3323,0.011498736
6453,0.0075220703
3469,0.034068484
12942,0.006721082
14524,0.017766397
2693,0.026101358
10417,0.028409008
5746,0.1285658
374,0.0058488403
13056,0.01089379
11461,0.7563513
6247,0.5887405
1153,0.0012470364
3269,0.38437837
14614,0.1091774
10901,0.79362565
13723,0.0012586226
2718,0.48761445
7168,0.015904339
8602,0.02208838
11016,0.0018783575
12070,0.010170632
6731,0.002655742
5488,0.038892087
6047,0.010212909
13809,0.20470136
5608,0.9573287
8180,0.08108872
611,0.013044951
9302,0.9289296
10172,0.6298395
5837,0.001877193
9124,0.00047332727
8143,0.009008106
2611,0.15913853
4340,0.0005726552
8530,0.65132684
9608,0.041450866
13286,0.017707694
11210,0.0058972407
4209,0.057015136
9745,0.0455534
2228,0.011197977
689,0.756368
13567,0.18490124
13148,0.22078519
496,0.75915456
9030,0.00095327286
10872,0.3561976
14975,0.010500655
8747,0.43725738
837,0.0048911767
6476,0.0013018524
9401,0.987485
13085,0.006281137
14873,0.061898593
9502,0.00030862278
5531,0.06191436
4592,0.030002717
13164,0.0046346695
1651,0.16635728
599,0.99749255
5571,0.00039370937
8949,0.0034229837
2479,0.46554682
3248,0.0013161579
12708,0.0029965877
11234,0.9933923
4687,0.09675614
10889,0.00095564406
7975,0.001159407
7038,0.18098053
12957,0.002456733
7107,0.2088092
5232,0.6745026
4267,0.0055435705
3028,0.03567491
870,0.08983409
8921,0.62810004
14718,0.98051447
14553,0.59347236
10845,0.00059614924
11644,0.032884274
10389,0.00047621236
6411,0.7309365
8715,0.003490295
2296,0.28850693
13504,0.08295101
14666,0.010597608
5716,0.85057765
13712,0.011890464
5506,0.06448509
8233,0.26175803
883,0.008842857
1643,0.0036710107
4634,0.62840146
7007,0.84469503
14014,0.9922254
7605,0.0040555377
6311,0.0022513042
11526,0.02999988
2709,0.9951089
1030,0.52940243
12995,0.61862487
5576,0.0510334
11678,0.997323
302,0.057712056
10010,0.02200107
4254,0.9598961
9687,0.0007568359
7867,0.03131431
10394,0.19378243
13662,0.09312653
5479,0.13009548
3852,0.81595623
13671,0.90736574
2706,0.002476531
5059,0.036734905
5943,0.0018602305
10217,0.00025762393
3914,0.008675117
10762,0.0014093616
9606,0.04262933
7583,0.9819078
12355,0.76931226
8741,0.03662358
5640,0.04806625
13201,0.6165261
2377,0.007121786
11323,0.00027465753
9067,0.01326275
12519,0.0054625794
7113,0.07596775
2791,0.024157885
4088,0.00015136013
1421,0.159386
2112,0.014728116
5141,0.0048940554
12868,0.0066821417
14353,0.43362594
8279,0.0997112
3731,0.02964572
9767,0.029683499
12701,0.0010320782
8328,0.028626576
10077,0.015375538
4646,0.3876685
7620,0.004237396
4342,0.24174303
193,0.06507122
7802,0.105535686
7241,0.01107687
9550,0.008742115
8291,0.5431052
7153,0.0042913426
3083,0.94724035
7278,0.90239745
12849,0.8184831
11748,0.00023288305
13707,0.77358437
6081,0.003046905
4616,0.99917597
7538,0.60047174
11329,0.82638294
9287,0.011490073
6658,0.22191164
14000,0.00544383
10009,0.004568054
4007,0.0009158616
13755,0.10784445
7400,0.7778461
10886,0.0022148085
14254,0.0011838863
9272,0.5155889
5653,0.38535932
8793,0.053716116
349,0.000564453
9600,0.89766943
2454,0.0028765572
13250,0.00063598354
3541,0.39659548
8942,0.003416597
8192,0.022322336
530,0.056267824
2157,0.031169422
14287,0.97360295
4234,0.0049920185
12836,0.7560032
2365,0.095285356
5205,0.03738139
10725,0.0534333
12319,0.4433996
2568,0.9350902
115,0.9901661
2578,0.5254613
719,0.071102545
1306,0.0029006894
2305,0.008403472
11620,0.056277722
14571,0.6563443
12362,0.0073337676
12505,0.036483824
8437,0.00067980884
5783,0.094545014
10538,0.022103578
13697,0.0048844786
14480,0.46775427
4095,0.0019233742
5544,0.050638407
14318,0.0017414684
2676,0.0012023395
8493,0.0004894247
2824,0.0013619914
7887,0.14335924
2760,0.021623153
2786,0.0015553079
9207,0.014484249
3587,0.005614507
4741,0.0031368302
6556,0.07295945
11946,0.9189057
7045,0.91494614
14645,0.10873117
7749,0.26230878
8219,0.38944194
14132,0.0007061195
9994,0.0031877977
1369,0.008736551
6356,0.002433906
3544,0.0027554228
3902,0.024736697
2645,0.05561478
1301,0.8019195
14093,0.0005287096
1441,0.0032406729
6903,0.016837722
318,0.44347963
2773,0.035552368
7824,0.016004784
4538,0.9904731
3077,0.0015208531
12140,0.08261214
8103,0.45117348
10148,0.8486944
868,0.0011487484
5037,0.008195131
7482,0.0012969514
9516,0.0033048165
3905,0.00016115149
2445,0.92454106
4716,0.0029066382
3506,0.00805435
1926,0.001716358
1527,0.0101473
6071,0.0014184976
2064,0.034652457
2946,0.006233007
11147,0.08974983
7580,0.037064575
5610,0.36898038
9356,0.015797056
10719,0.023782862
1887,0.0369605
167,0.3844185
7423,0.005914054
1817,0.00025126702
11237,0.0010858203
5757,0.021357937
11928,0.009348416
8934,0.95364505
12751,0.023097143
7459,0.0142431585
1029,0.020275963
9306,0.0079987785
8870,0.00023212643
3476,0.0015707354
2583,0.062539265
12370,0.02450802
4724,0.3148092
8750,0.00017013842
13391,0.0036932705
10936,0.0033375858
1952,0.003074392
13027,0.011104515
2041,0.008097682
13965,0.01551304
12774,0.00878757
1243,0.0007510737
14924,0.0008818245
1268,0.30502486
3971,0.024131421
6551,0.003653148
9531,0.35667026
14351,0.6700355
6240,0.97335464
11876,0.0060899784
7994,0.0017687432
14528,0.99331325
13626,0.0014617981
7610,0.002368917
4644,0.0306943
11732,0.0036482275
7735,0.64678484
12217,0.013947005
1313,0.3195515
13423,0.00044934286
12407,0.0020589777
3044,0.9270553
12896,0.015858022
2105,0.00068739045
5105,0.001631796
8193,0.00093251065
11857,0.0139085185
8436,0.046610687
9037,0.0011651664
10527,0.020066598
3436,0.021388637
3303,0.005295049
12261,0.8778838
9405,0.008012104
11285,0.031017236
13530,0.9763549
6552,0.009650814
10605,0.15111172
2109,0.118924625
6911,0.000743559
9790,0.13348168
7437,0.00192974
13516,0.2537057
5225,0.025567262
248,0.014042412
6289,0.03632783
5972,0.12635654
304,0.06333487
8767,0.03663242
9764,0.034715038
4404,0.33466652
13321,0.6683981
7947,0.9542097
8557,0.00029403256
1803,0.0019694187
2099,0.000548452
1510,0.017247714
8612,0.073374465
12073,0.017851848
505,0.0029464036
14237,0.029105905
13337,0.09714149
11369,0.0007555903
11705,0.036445417
14398,0.0024548385
10860,0.12260508
9821,0.44055933
9264,0.43001956
8120,0.6375263
4010,0.8813185
6950,0.97831297
12283,0.0018257588
12397,0.0028816303
10393,0.0008535127
11911,0.022195335
5815,0.038274974
983,0.006875857
7689,0.074128754
7586,0.43386492
8358,0.022843106
11796,0.0029001322
3588,0.043400615
8864,0.98826116
9404,0.04775829
9458,0.5578196
3806,0.24691866
14115,0.3735552
1114,0.10709214
11313,0.01482455
6110,0.0039218883
1591,0.04787389
9232,0.9875497
7056,0.027450724
3012,0.00072060723
11543,0.9589783
4066,0.010454149
3250,0.015077244
7392,0.02999709
6319,0.06751674
14813,0.0008877377
6761,0.08336297
10883,0.0030996527
6628,0.0005163237
5382,0.113686234
14374,0.008813358
8847,0.0058750194
7128,0.31308097
3628,0.0045355693
6132,0.8133233
212,0.0028555645
2310,0.00091916614
2860,0.9528781
9199,0.008316321
12777,0.001399373
7090,0.034260713
8802,0.008925415
14029,0.0006417943
6458,0.30357954
1869,0.005333877
13033,0.17928469
13151,0.99852365
6333,0.023077887
7471,0.0060579614
14333,0.083813116
9142,0.01627359
8169,0.0088643525
5430,0.19595945
3346,0.0597301
1135,0.003670768
3792,0.37598237
8966,0.1180859
10273,0.034611363
1693,0.0020253882
7532,0.008485612
11206,0.3646811
960,0.002742903
8065,9.226817e-05
11344,0.020252014
2153,0.6385087
14814,0.0026211792
10072,0.003074997
12523,0.00012078524
3869,0.52083087
5803,0.00511584
11162,0.00761759
4393,0.105926044
12692,0.99643886
5352,0.056605555
8577,0.00093074254
14895,0.02547827
1274,0.05741607
6743,0.8213379
1405,0.48092178
6210,0.0012630918
6331,0.012784217
8784,0.020010145
1757,0.008134314
5581,0.0035227186
13067,0.0034517779
13555,0.25341508
2199,0.0035120388
1190,0.0074430234
9874,0.009720357
7057,0.99315226
11738,0.015205727
5321,0.024434563
12279,0.084908135
14647,0.00583311
8829,0.00015287515
643,0.004687087
9640,0.7883894
11265,0.15183856
12700,0.00016171225
280,0.0044946447
14689,0.09119771
5906,0.54268664
7161,0.12595911
8735,0.0168332
5568,0.019803237
6523,0.015240505
8883,0.0010583824
184,0.006750349
12425,0.7118088
1157,0.15090095
46,0.010112067
7275,0.13838659
14850,0.00042993657
5078,0.009704521
1335,7.98692e-05
7754,0.60349715
11394,0.05394878
2859,0.041261
11775,0.002863947
8075,0.00086971995
12127,0.40293851
3887,0.0003960833
13678,0.18164948
8846,0.022528319
14968,0.014160399
8635,0.59266233
12119,0.03333441
2314,0.0040969006
12034,0.96332365
5822,0.00676902
5,0.016695261
1977,0.0058482606
5255,0.00035054903
8726,0.00842668
10616,0.9952572
12039,0.019100066
13475,0.01446878
9448,0.9413542
8303,0.91394293
2151,0.09266294
11307,0.0031332227
9088,0.71508133
4489,0.003021419
4345,0.0010326948
2323,0.0031150205
3793,0.0028964751
2120,0.14705212
788,0.00029528746
345,0.0010414872
4195,0.003989727
12575,0.03105231
14357,0.57442194
3293,0.00039620016
10017,0.87636995
3151,0.06047049
1187,0.0240163
12063,0.016215092
7645,0.06577045
7493,0.6259731
9651,0.96011376
3934,0.005029815
13078,0.0417859
13092,0.21062236
14683,0.006339841
13410,0.0006208796
1081,0.8834918
9626,0.5656728
8443,0.07235988
2306,0.026117083
9773,0.14015803
7412,0.0017583828
3336,0.0052960385
10227,0.2465637
60,0.07024503
10822,0.07483477
8379,0.4408764
1554,0.005035526
10878,0.24736528
14759,0.012263666
2964,0.9974733
4686,0.6435445
8730,8.972895e-05
3254,0.015698109
2480,0.2252319
2942,0.0035187737
14546,0.0035410207
2779,0.0053846748
2609,0.011835703
12260,0.0036619876
10983,0.0014995049
856,0.0021822855
7349,0.033088144
4595,0.036627725
10129,0.18288977
13124,0.55362713
7501,0.0063741505
12754,0.0008251467
8854,0.086560145
855,0.50874895
10426,0.0062663266
2663,0.33406785
8952,0.07466633
13387,0.25098342
12675,0.017160978
12285,0.44174707
8053,0.9326831
1443,0.01103463
8216,0.0015717834
11248,0.20673141
8844,0.0072248215
8990,0.62650764
8365,0.0012792471
4261,0.7255167
12431,0.046187356
4294,0.0015719413
4281,0.91060996
5754,0.0005331895
1863,0.009596822
12043,0.0722169
12391,0.03834334
6987,0.06029617
13743,2.6764203e-05
4172,0.24205439
546,0.0015581421
9869,0.05591609
4561,0.8455221
8627,0.0041312147
5107,0.0055607413
9778,0.07763666
7849,0.0011491588
11,0.96060884
8125,0.9790126
3154,0.03197887
9577,0.00025026835
10057,0.28970352
4564,0.23870827
3081,0.0055810763
7868,0.012783067
2804,0.0013172099
2416,0.0033391914
2702,0.001205023
4462,0.7013288
2481,0.05582529
10876,0.66568214
5588,0.4982261
10340,0.09090342
9728,0.4790192
4109,0.0047367197
1556,0.00096500356
3502,0.5598543
725,0.61681646
3280,0.99743634
8301,0.05262258
10897,0.91207093
10420,0.01282972
11821,0.006580211
959,0.009717695
10270,0.00073535694
2360,0.6370864
9897,0.0042562536
12652,0.014762442
575,0.021735169
7835,0.006395874
6972,0.032127533
13848,0.018646065
13466,0.0082659945
3807,0.067010574
8917,0.00418685
11751,0.9843582
5424,0.03043179
4101,0.007787128
153,0.0833005
4896,0.036835507
1921,0.007913245
14266,0.81840014
11119,0.0017454047
13145,0.0006731469
5331,0.3141488
2647,0.014010211
3175,0.9211087
3620,0.74745214
7173,0.015695758
12309,0.0057298634
2747,7.881263e-05
1479,0.0044433842
3040,0.053224143
8250,0.15459906
12828,0.7561433
13950,0.02115657
2104,0.09288151
14810,0.13107295
1721,0.21452095
5806,0.019530887
3907,0.9172201
6398,0.07977027
5356,0.001978175
10100,0.0018156585
8069,0.00039709767
11175,0.0024456764
4067,0.0064691445
12392,0.9595002
2492,0.009367193
8036,0.029720224
7684,0.0062888977
9738,0.16158678
1464,0.025479488
1224,0.0044652885
6572,0.024734242
8653,0.001362884
9556,0.27041724
11343,0.012197367
12947,0.21582332
10756,0.10194172
9799,0.01566245
8364,0.033950683
7782,0.05765189
9962,0.01853404
9698,0.29831016
6234,0.0008150996
6131,0.0024822839
3691,0.0966818
9072,0.005120402
11872,0.014936075
3197,0.0025350282
12399,0.8672146
2494,0.8911672
9743,0.0016534604
4298,0.0037940214
7673,0.025542345
9001,0.08753689
5766,0.96234417
9924,0.023996703
10829,0.055470515
1994,0.73498064
4803,0.0005656457
12032,0.2899883
12147,0.0071048527
5692,0.9664588
10767,0.6365415
13752,0.34109244
1923,0.99182266
12921,0.0021836618
13116,0.43056303
13295,0.0065433425
3638,0.970434
2614,0.008669094
4650,0.0012598693
8877,0.16355672
10765,0.0026702718
10286,0.00090406294
4836,0.0015953181
13239,0.6686309
14347,0.009068466
12612,0.9142556
14896,0.15612032
11293,0.28995648
9980,0.03852024
7286,0.8997033
6282,0.0009991941
14974,0.00887333
1333,0.005149822
4675,0.00401513
6917,0.0015311335
6785,0.02258039
9800,0.071720794
9312,0.9731651
11346,0.023436183
9605,0.00065277296
6995,0.0027719948
12248,0.004273482
9592,0.023146132
8130,0.56987166
13498,0.056826334
3659,0.030691033
4300,0.034671187
3593,0.017194677
11375,0.00046358336
1415,0.00020871208
1331,0.9823712
5637,0.005794052
11733,0.23140465
9248,0.06176935
14599,0.0053183846
12385,0.0007557981
876,0.0038055244
7640,0.0045777108
9395,0.03516356
6485,0.0034082232
9228,0.9487535
240,0.9658629
14507,0.9508233
10025,0.001004125
11339,0.016362477
8471,0.027661815
3449,0.009700054
12418,0.90453315
13694,0.003373347
5831,0.0014909918
4217,0.54011196
8926,0.76104635
1744,0.0010963489
12931,0.020865392
10879,0.002879391
6219,0.0018166042
14944,0.39095703
290,0.054704312
467,0.0022122166
10816,0.040330246
1411,0.164482
6462,0.0005743596
2495,0.0033143943
3358,0.9116242
6700,0.006956917
11490,0.28844374
11464,0.008380727
8518,0.00033334296
7793,0.017519051
8962,0.43725356
10160,0.00017395683
754,0.0063033877
14373,0.028001258
13176,0.0030953533
2909,0.90500295
6074,0.64067036
14491,0.0062933336
14107,0.0014099362
14085,0.0026290007
13300,0.006133713
8266,0.011370726
9677,0.16065034
7163,0.032174088
8450,0.02244642
5795,0.06784591
4727,0.0112516405
1427,0.0018435717
1594,0.87753034
9517,0.1468652
13208,0.20694222
6160,0.046072796
10483,0.0021611142
13691,0.0048863865
5703,0.004714499
2704,0.02919069
3396,0.07744722
11085,0.00087221374
678,0.0018071135
14583,0.028932074
7813,0.2078392
14103,0.045391317
6835,0.0032876173
6441,0.99562305
2907,0.00037630895
14746,0.03622311
5403,0.36124545
8641,0.024082236
850,0.0011046103
6884,0.0022748476
12785,0.00930879
10642,0.06314192
3376,0.24994971
12782,0.47147
8165,0.936516
11771,0.0011599837
379,0.0022823655
2595,0.99093854
4754,0.0109734535
11609,0.00065273064
5277,0.0066318926
4705,0.0008327802
1577,0.28168955
12936,0.022452664
11120,0.0008092888
1916,0.001890754
5878,0.9539842
9133,0.117976315
5771,0.008011217
11538,0.5892713
9511,0.0014653102
11325,0.015626792
2422,0.11224717
12728,0.99571264
11415,0.004783973
13742,0.0029472276
9278,0.0012130569
2905,0.3227368
8871,0.5002743
4824,0.003400031
10566,0.96882457
12042,0.03714423
4068,0.72503364
6253,0.01844095
13922,0.8512639
4407,0.011150804
6396,4.725307e-05
14745,0.08227251
5245,0.027888324
13829,0.75566906
10130,0.8431977
1404,0.20878011
4349,0.0014102826
1368,0.0034060876
7135,0.92251813
5582,0.0013999995
11984,0.97924757
14785,0.64908797
13292,0.078105524
13978,0.0639406
13167,0.5669933
12222,0.99398994
1460,0.73320025
3945,0.18871671
9015,0.04697444
4253,0.98310363
2287,0.023476006
13065,0.83737624
13883,0.03221652
14826,0.002400599
10504,0.021384638
14086,0.003678467
14013,0.006643671
2334,0.5532172
5440,0.0017461028
3820,0.013475608
12497,0.026473178
7365,0.03390183
2603,0.85358655
1828,0.73777735
7151,0.057629105
10740,0.005186036
10528,0.014042683
8690,0.011666875
11676,0.5443942
787,0.021035293
1389,0.010047278
3721,0.0678106
6693,0.0021717108
2419,0.01845928
5004,0.9505953
10697,0.056505017
9457,0.014040643
14479,0.03982427
11000,0.028060675
7352,0.9625853
10408,0.003173835
9344,0.0017188886
13456,0.037606373
9234,0.6058527
8808,0.9836997
13769,0.010332589
210,0.0054742177
12495,0.00033945547
8609,0.07704863
7918,0.15334916
6922,0.030264508
10247,0.01770422
10673,0.84832597
7817,0.43314233
12720,0.0014291655
2774,0.0013209304
13305,0.1773831
14519,0.094403915
11743,0.99824595
2622,0.024429295
5841,0.0042921393
5706,0.014516766
6135,0.0054439018
11655,0.003601852
8163,0.0049412595
5764,0.0918884
4698,0.027438084
14394,0.53650737
13961,0.0011037488
12066,0.00676902
11215,0.0027572555
13636,0.0057480796
4580,0.3302821
13002,0.06112237
11792,0.011042538
7306,0.3114571
10790,0.027326966
13063,0.003661758
9464,0.046483923
2880,0.54753363
2188,0.056090236
6687,0.023178013
7599,0.0030351763
8449,0.017253067
12714,0.038138118
7345,0.03129947
14098,0.21415089
398,0.004639091
1295,0.0026058138
12122,0.012679441
10262,0.0030514216
7426,0.000557546
7715,0.0018031724
13422,0.029382166
768,0.009822428
10808,0.9951729
10359,0.4340321
13190,0.0012271029
1695,0.0020494421
4779,0.0847088
6028,0.002827025
12256,0.53288794
6404,0.0055774995
13399,0.0030157093
7240,0.17241272
5536,0.00094571547
12228,0.005357736
440,0.003006073
10651,0.03939787
10477,0.53314763
6838,0.0074741864
11564,0.4266236
8361,0.1998156
8316,0.011316517
4700,0.009758169
10061,0.00071536703
7808,0.29336733
7537,0.008472163
4841,0.4642043
7665,0.003737566
12200,0.039095163
8146,0.05605421
4494,0.08142131
14915,0.11889366
13258,0.009146128
12165,0.0004938083
3468,0.014334092
9276,0.0029466012
7373,0.92997676
11108,0.03927975
14211,0.34218892
14564,0.02103632
10215,0.57918406
1866,0.028142206
8830,0.71740955
8591,0.029654343
1998,0.009991812
8333,0.0044486946
6335,0.34031788
3001,0.9778025
2244,0.017669888
4569,0.03910369
9776,0.126465
14260,0.044007875
7009,0.0070949905
10158,0.4196679
14618,0.76614195
3393,0.000110434004
6366,0.0092885615
491,0.92337847
3030,0.0038277006
6686,0.02739298
316,0.045609478
2845,0.0049543404
9122,0.006334496
13824,0.35922575
14224,0.04748197
10007,0.50260174
2452,0.029960433
13757,0.027018871
12954,0.027028317
2483,0.8393262
9359,0.02841549
12883,0.0013921559
8964,0.074447684
8686,0.001132344
11387,0.0097177
6718,0.01902674
5515,0.051721957
10977,0.022786316
9009,0.037202887
13643,0.0018185136
11851,0.34796235
6389,0.65212405
806,0.0032861098
8134,0.0010869426
5132,0.0019668934
5900,0.004224206
12155,0.00059678
14070,0.00032717982
10108,0.8442607
8320,0.35652685
1178,0.00961366
2543,0.020938229
14715,0.010188096
10399,0.0011918799
12969,0.09165262
14629,0.0058374945
6866,0.018554917
3137,0.026814999
13660,0.084908135
14602,0.000788778
4059,0.010894705
12125,0.08482154
8933,0.9012942
3238,0.0015182161
8100,0.007143124
8122,0.4909565
4225,0.0021821775
1346,0.054005645
5433,0.00027001102
6843,0.37112972
8400,0.055497978
152,0.0013920956
2893,0.00816455
3965,0.007425199
12197,0.043021347
14526,0.8876992
6386,0.012511538
12179,0.28665683
1199,0.0025260937
5829,0.0047831014
6834,0.0073182387
11667,0.008666767
12098,0.13410918
12935,0.00024144218
3631,0.0006394135
4147,0.009766452
7999,0.9333181
6242,0.8990093
511,0.006342776
1617,0.0033445037
12381,0.39151174
9733,0.9308254
1494,0.14748234
760,0.002513746
13997,0.014431539
2757,0.9297949
724,0.14099318
6275,0.0016041221
11719,0.0010815875
8849,0.10639536
6015,0.11047303
899,0.005274064
2217,0.99674076
3845,0.041585002
10912,0.03650556
7764,0.0684917
4657,0.88771474
5935,0.044756055
14572,0.008140221
67,0.1032966
203,0.00067401543
9343,0.0019131529
1192,0.0048279664
13191,0.0005896917
3461,0.6400909
6019,0.0006072877
6692,0.016854433
14081,0.047169045
3972,0.9234854
3663,0.92148054
8148,0.0059092566
3834,0.10611103
9834,0.2744242
10617,0.27412754
8172,0.09796539
13508,0.00076414127
10294,0.0020626523
134,0.004125185
12515,0.0054379157
10907,0.0019910631
12875,0.0015102337
12339,0.026420146
12759,0.009844138
6145,0.0012796439
12266,0.45716608
7236,0.0069894665
10625,0.0023664762
11506,0.0052195736
11955,0.1840728
2524,0.00963489
521,0.071558245
4308,0.05039863
8467,0.01628021
3305,0.006755383
7226,0.12298468
8225,0.0010737742
9858,0.002683671
11347,0.01441834
2052,0.06956324
7820,0.00047076694
10713,0.049562037
2565,0.9936347
12851,0.054151747
4618,0.0035299857
9518,0.8013429
8798,0.0045464006
13605,0.20063168
1025,0.0052144905
3678,0.7620576
702,0.004807158
7657,0.38341695
4721,0.062359486
14490,0.049089625
6171,0.0006087689
11625,0.3208212
1625,0.9922098
10441,0.1677801
10413,0.0063533215
9446,0.070591666
4208,0.012617076
7710,0.4663145
3004,0.09898826
2666,0.8396549
7395,0.9727853
1433,0.0005657088
1751,0.40818354
13574,0.008302852
4726,0.9833083
8191,0.0062609217
7741,0.00079630566
6685,0.0023488621
14138,0.0021651366
5993,0.19492452
13461,0.4982925
11467,0.94542825
1749,0.0034216614
1541,0.15098202
9532,0.92111075
2464,0.018728603
5863,0.2202337
14475,0.16154613
13668,0.000557278
13249,0.004101292
363,0.07493421
7250,0.0048508965
9206,0.017137438
5448,0.00052997755
6943,0.45607066
9358,0.06301643
8892,0.00087056897
2346,0.004423571
10167,0.0007636313
14500,0.015315628
11262,0.1109233
11508,0.001135774
1066,0.052465845
12035,0.0046056947
3159,0.20041028
5493,0.019033985
2003,0.0049528456
12671,0.3960113
3829,0.016016878
10801,0.00013952481
9006,0.0070780967
12306,0.02615139
13690,0.0032831843
13364,0.11392659
4097,0.50967205
12694,0.008688055
2867,0.19747435
10535,0.0020332383
3986,0.15993501
11513,0.01419276
2447,0.34603196
10821,0.23208262
3070,0.0005963666
11128,0.0029005902
12231,0.91679615
6789,0.0002500966
12734,0.0024154694
1015,0.10346184
14180,0.0005509074
3962,0.049910262
10235,0.007829524
3160,0.029216016
7419,0.075061664
4304,0.49053228
3864,0.0008470692
6574,0.0010157102
12240,0.7702531
3395,0.0027096393
5118,0.08600994
10186,0.0018671314
5999,0.008150287
9990,0.12007378
14956,0.0021995176
6405,0.0034350469
2540,0.77152985
333,0.96999514
7942,0.13943343
4545,0.025123803
8090,0.029645767
2242,0.020837003
340,0.009016772
4823,0.6422879
12824,0.0032920216
791,0.680029
2841,0.3445489
7592,0.002104285
13432,0.98338187
8223,0.112109944
13474,0.017045006
1604,0.00029166968
7768,0.037321646
907,0.09900522
4061,0.005765399
1245,0.0030109403
10802,0.00051247474
10447,0.6536796
1539,0.0002692724
4593,0.020871758
5459,0.0015297127
4148,0.07972852
6208,0.4242328
5345,0.011731872
3679,0.9152882
4662,0.16281271
4531,0.032201745
10841,0.00043006978
8342,0.042081192
3460,0.027287044
10865,0.17407857
7595,0.023426067
6849,0.005856731
109,0.5843714
9870,0.024177633
13421,0.063912496
4639,0.14922805
8385,0.005121464
13073,0.027503273
11514,0.002534752
11532,0.001859078
3850,0.0012661018
9324,0.0144305425
13367,0.9637588
10562,0.65365195
9919,0.104869105
14283,0.099908195
1508,0.111127995
9618,0.0055885334
13534,0.18838076
12840,0.0028155071
830,0.0010606181
1806,0.010320386
10785,0.90061486
6560,0.68629795
449,0.012030379
10514,0.7992427
6664,0.08201523
7149,0.0004794288
8887,0.001233895
1499,0.14698233
6487,0.5820021
2499,0.939976
6189,0.99109626
10726,0.85177094
1930,0.00022471012
5043,0.12794714
5941,0.03648709
2593,0.013312734
1341,0.012218574
10685,0.19192441
10711,0.3539057
8368,0.014345551
6196,0.010424214
11833,0.17553762
8430,0.98973817
3062,0.24757273
4684,0.0141630815
9062,0.0071380055
394,0.00093909213
9180,0.09813193
3097,0.99699426
4826,0.00026670512
4733,0.9614197
4215,0.003889162
10542,0.0035662078
3575,0.0038787278
1095,0.024052992
13182,0.0010436494
11825,0.47800863
9290,0.8217849
8222,0.0060974527
4169,0.040742345
3726,0.99780816
6137,0.006718857
1226,0.0062245005
2967,0.009078986
4341,0.5579041
4838,0.047359355
3754,0.00015585867
7894,0.011896056
14549,0.0238156
12901,0.38083124
6976,0.006822743
4566,0.0044655553
10446,0.9127631
6456,0.2889027
11106,0.0011425432
12219,0.008591885
3046,0.02775384
1885,0.59180987
7933,0.013629097
2785,0.12074732
4438,0.017035438
4468,0.0003057247
3992,0.011517504
1244,0.046784423
10576,0.0027480468
7765,0.0022687367
6585,0.08763071
610,0.6680928
4744,0.20897563
829,0.008793988
10679,0.00024525792
27,0.0015861108
7393,0.012124887
11517,0.0040514814
2545,0.056596987
7763,0.05075266
4808,0.0012692441
1179,0.16271436
7771,0.00013334001
8349,0.9986644
14846,0.006416981
14606,0.14481379
14334,0.26781458
908,0.008612885
9243,0.2703794
10406,0.05425478
4574,0.002931786
7670,0.8998704
8352,0.014247946
5248,0.09336304
7847,0.17543903
13837,0.008843451
1609,0.801332
1941,0.25963756
9418,0.09076868
5295,0.033059005
12880,0.0051278947
1083,0.03247207
2388,0.0020887165
12855,0.9884969
14200,0.9797428
9622,0.0012062634
208,0.006531154
1639,0.018873712
12812,0.00025113963
3474,0.09177683
5591,0.005371977
12207,0.00330984
1557,0.0013465374
1883,0.07768465
12686,0.0059703523
1466,0.0019184793
9566,0.016710524
6360,0.18740833
9097,0.041805252
4866,0.008876627
13346,0.001168606
12304,0.00040776725
622,0.95598984
7470,0.0019414767
4867,0.002575766
2654,0.047794778
4240,0.00205543
5162,0.53900146
10781,0.009127022
14762,0.10022119
14763,0.26812688
9886,0.027515665
8052,0.062721536
1755,0.009563938
16,0.045061667
6438,0.16248667
8580,0.001211396
13499,0.0067927525
12514,0.0020218252
3844,0.9629475
3743,0.017775053
3472,0.985053
8736,0.26579115
11562,0.011108789
13921,0.07385553
12160,0.0014967687
6156,0.9723207
1677,0.015355482
6625,0.0037581567
1352,0.0006437399
5368,0.0065480904
14504,0.3091729
8779,0.13586555
5021,0.002273479
8968,0.1207543
4187,0.00024778486
5723,0.11176818
9316,0.16621417
2625,0.0016103396
260,0.6602864
11605,0.00050624687
10942,0.8992165
6498,0.52391434
12609,0.055696208
136,0.09252834
14160,0.0018902204
10780,0.016699707
7914,0.05432748
1342,0.0022120252
2100,0.023757098
9746,0.00022204894
3232,0.00035414772
70,0.0037299497
1037,0.3152304
2501,0.09988515
11540,0.0034954536
2630,0.0032779328
11051,0.42597067
3627,0.023802344
8947,0.09369944
9442,0.9983473
76,0.056655776
8663,0.0051535154
10574,0.011461609
272,0.03964564
14012,0.0011239445
1564,0.005935721
4501,0.0017126112
14045,0.00020565277
5645,0.0010446302
13839,0.4997287
4619,0.0068714307
13351,0.005765074
4305,0.096986145
1902,0.9993704
3219,0.00044012917
9273,0.03521918
5327,0.0011627167
8088,0.04737167
3796,0.91298854
1038,0.006885701
12437,0.6875535
8254,0.0007321401
3788,0.0029899448
8282,0.94189286
8478,0.005150724
11036,0.028434595
8309,0.010620747
6984,0.009204585
7004,0.0013201815
2850,0.56879383
7252,0.0044890326
12640,0.013216719
10263,0.0051107537
14994,0.0062095495
661,0.0018690741
7230,0.0023726039
4849,0.07914497
14003,0.0007004491
14297,0.76215315
2023,0.78493136
4713,0.0052131033
7653,0.023387756
13587,0.056327067
14997,0.012454251
2516,0.072661296
14201,0.34507686
7809,0.019987551
8434,0.002651421
6426,0.067308605
11797,0.020362347
8399,0.76035136
10058,0.04667837
5198,0.00038370123
7108,0.9696573
10202,0.0054836078
3011,0.0045038005
5643,0.00087914703
1321,0.13840866
13591,0.007036397
2125,0.00090162415
4315,0.011526384
12033,0.18592918
5003,0.44626865
6793,0.043882553
8662,0.9656451
10155,0.012114421
8762,0.07729061
6953,0.005054794
3165,0.0036042572
14377,0.99277884
13696,0.0022945395
8260,0.98022664
10684,0.0032571882
10243,0.0030835427
653,0.32249865
469,0.010438139
12275,0.47247067
12699,0.7446181
14141,0.005135731
166,0.00041175404
7831,0.00043261846
3058,0.1080109
12740,0.003016842
896,0.010275384
5931,0.017958118
14193,0.055750888
14921,0.056314815
1148,0.7287799
48,0.0013397697
9406,0.59871876
8188,0.00024507396
4367,0.077999204
4964,0.0015705798
4125,0.01732927
1707,0.0048893183
14136,0.013614911
2852,0.04460373
12533,0.019551763
4174,0.48517075
8240,0.018081082
3526,0.78961784
2974,0.0018872208
8115,0.9539344
4825,0.0007630989
14797,0.40846077
6562,0.007367454
13669,0.32289338
10123,0.005487804
9452,0.0031148558
8258,0.009054824
9176,0.00989683
8972,0.46770266
6774,0.004402516
14477,0.0758476
2664,0.8706177
5017,0.0029370163
11570,0.0029501028
952,0.0011349985
7342,0.020124556
12376,0.0028797567
2025,0.14699557
5994,0.80488837
6195,0.0027386553
1847,0.08911365
11229,0.5367279
10049,0.005380787
13912,0.00084504974
4033,0.00490089
14102,0.08689464
7089,0.048512124
343,0.21175972
7772,0.00047137003
7073,0.022657603
9211,0.08004005
13620,0.0023177566
14126,0.0034930743
8756,0.009872414
12360,0.0004376482
12703,0.16422062
2050,0.114360824
9523,0.08690082
2295,0.11206442
14162,0.010881076
11483,0.37414882
14700,0.013067347
9258,0.9819863
9425,0.0019000736
10517,0.038769502
14473,0.93831486
10029,0.57924277
10282,0.00046269927
1587,0.0006931914
12844,0.08929196
5560,0.0034255418
12707,0.0039728433
14717,0.0015309608
12843,0.00281339
9729,0.4613523
9985,0.009436669
14235,0.036444657
4879,0.0035288434
7445,0.1008308
5773,0.17309242
5282,0.0140630985
4571,0.0042162063
8039,0.8754918
10303,0.78108215
12718,0.0081557045
770,0.006316103
6243,0.286515
1112,0.03971633
4797,0.12611939
4902,0.014827477
5959,0.025303524
8495,0.0836583
5502,0.0015829117
9610,0.015707342
12803,0.4795972
9253,0.00073321816
7702,0.2838664
11893,0.9766228
9643,0.023144381
5296,0.0018315582
11930,0.28653368
1202,0.23884875
12359,0.7316254
12887,0.0007290255
1032,0.005134391
11649,0.0004289475
1428,0.020054951
4998,0.07231811
14419,0.014551715
9443,0.0071337386
14653,0.006957296
12479,0.0015956342
14404,0.19863081
6517,0.673274
1462,0.010304214
1814,0.9466022
3518,0.00608313
9774,0.00026508898
12481,0.020834528
12144,0.0031922616
10806,0.0104184905
12040,0.010774403
7000,0.025048712
5947,0.02650601
11717,0.015970081
8083,0.5540195
4712,0.43250343
10089,0.022586586
9430,0.02616747
9619,0.013913818
3244,0.12322476
13598,0.002948644
776,0.024440348
3524,0.0007186082
9852,0.016026132
2058,0.65399665
10337,0.0975162
8805,0.0054409495
9186,0.08158789
8395,0.00048389588
2590,0.007164664
11278,0.004115425
14533,0.004025532
6860,0.49659207
8000,0.08242226
10492,0.83179736
3714,0.9173961
2469,0.27378666
5887,0.35035115
14189,0.24691467
8868,0.39329022
1277,0.0008859627
12485,0.16282985
6722,0.03929156
4938,0.146872
14494,0.0064052506
6928,0.02860113
1555,0.0026387826
2729,0.041394804
8596,0.0947452
2116,0.0079099815
9363,0.00046946155
2507,0.036421422
13900,0.0009828288
12697,0.0024168475
4355,0.15085362
2053,0.0195356
13003,0.37013814
619,0.004523044
3521,0.015113407
6659,0.027584616
4993,0.047052566
2111,0.06445614
9853,0.99795866
9000,0.016281348
4414,0.98199224
12838,0.96635824
6947,0.25946134
4572,0.037362467
12913,0.9934776
2190,0.03343258
4249,0.00030705376
11916,0.0012075434
4000,0.026441608
10589,0.0021762145
3777,0.95513946
3873,0.026102886
12250,0.22431883
100,0.03636362
12194,0.0064416905
2219,0.019086165
11709,0.0017121392
12099,0.43933278
7095,0.00094558706
14978,0.016581092
6960,0.35998678
1027,0.92300916
11403,0.010894618
10194,0.14848576
12118,0.0182597
12826,0.0023240491
12297,0.45545912
3504,0.041601636
4510,0.00084440457
3772,0.00042196526
10216,0.9689025
2117,0.0006335259
9787,0.0746794
1357,0.0011205748
13805,0.8554636
1283,0.0018526157
10710,0.016692411
4514,0.29844183
3419,0.94631463
10729,0.0009051809
14790,0.009274711
6288,0.001455311
10404,0.03781538
5386,0.08134729
11976,0.96456635
14226,0.008566442
12678,0.29643244
6913,0.6872099
9837,0.0013095401
14156,0.00026255957
4008,0.0029255939
2313,0.00089834066
10195,0.0022560067
277,0.070191234
1117,0.043684468
11829,0.0042541185
1203,0.7242794
4408,0.20051497
1097,0.0012694563
13969,0.06156436
11672,0.15460347
7748,0.0016494477
8319,0.01419276
4160,0.42517322
445,0.0152304955
3634,0.003983473
2730,0.010589796
5792,0.0032675767
4415,0.9655755
9285,0.9936219
11772,0.27815154
10005,0.23274137
9866,0.011860059
2163,0.9709391
8866,0.01688116
5274,0.019072507
8394,0.016366592
2226,0.00068773516
11871,0.98194975
8200,0.004825248
11874,0.09165494
8340,0.011781429
2114,0.00015378674
5260,0.0006329598
1278,0.0026190432
4056,0.00159814
13795,0.049592305
4948,0.0047261124
4117,0.30654132
9956,0.94208264
2885,0.15192993
1959,0.6071901
365,0.036687806
12104,0.91228735
10326,0.014899125
3458,0.0029040163
4968,0.0002260672
12331,0.004960943
7033,0.0014801627
13383,0.08229928
1062,0.44118488
10354,0.0013191553
4673,0.023773156
798,0.00012178738
7023,0.008665723
14101,0.0020427736
7543,0.15943651
9220,0.03618481
2124,0.4063112
4995,0.9934814
849,0.03578266
5905,0.030941777
1884,0.011317094
12177,0.49789515
9066,0.002105107
9284,0.34415644
1423,0.016238924
14452,0.11319246
5779,0.8146878
5680,0.024046194
10637,0.0029946093
5166,0.12137166
4799,0.0034190447
14558,0.0059871026
14124,0.0006757659
9878,0.034938835
5319,0.99157166
7756,0.04543901
3299,0.7569559
12685,0.9181334
10837,0.012363244
3954,0.027681755
4846,0.99743503
12115,0.40918326
3297,0.0017853403
2743,0.22479306
12667,0.010490661
8452,0.00045108568
5379,0.0032906686
8348,0.100498386
9098,0.33622864
8466,0.98145366
11785,0.024691688
10686,0.0035482899
7333,0.002744428
14586,0.005864813
5421,0.2952194
5115,0.008635597
567,0.0060045524
11451,0.015650544
6113,0.12723573
4821,0.6928174
13225,0.0062530646
11233,0.009669742
8629,0.119468145
13088,0.011416762
7028,0.11499501
5272,0.026837487
897,0.0022452606
13789,0.21268764
14186,0.011001242
12206,0.008694284
2258,0.01577691
9797,0.0074470188
3309,0.0039567016
541,0.12974027
8711,0.0010464889
4814,0.31210274
13930,0.12659428
1120,0.00078336004
5290,0.007544406
5418,0.0005944145
4620,0.0014659857
7254,0.0033054717
11638,0.0014635134
13951,0.011879577
5868,0.04240519
5629,0.9769006
9927,0.039170835
12932,0.00069998426
4335,0.0044758995
120,0.011899162
1700,0.749677
13887,0.031276595
1987,0.028982703
1680,0.049220942
7736,0.006024293
10721,0.24556947
5276,0.27532387
8825,0.003007577
5431,0.25071988
3152,0.0033038459
1624,0.27252722
3069,0.10844309
9763,0.04828995
7239,0.014742515
1204,0.011862535
2759,0.999765
12444,0.09357081
1826,0.19527033
6811,0.034894902
4549,0.76007557
7520,0.000659263
11880,0.90599483
9890,0.041032955
12990,0.0041724904
11170,0.000818364
6119,0.002893817
1953,0.010742589
11458,0.94484425
271,0.008447592
4432,0.004298892
14497,0.010797572
6958,0.020683985
13281,0.0023378504
11937,0.51038545
14130,0.0055032526
4190,0.0065413006
1324,0.0017150382
6440,0.090930745
14799,0.0014468803
12336,0.0077417223
14259,0.005729255
9794,0.0015803319
13428,0.02553395
2864,0.87390685
13607,0.015183721
6223,0.028249213
8162,0.4538285
9672,0.09955676
2734,0.22846727
4003,0.15161203
5839,0.0038060993
8897,0.54024315
5748,0.05526211
12930,0.043060374
13469,0.14819926
12994,0.9406562
6990,0.054609146
13189,0.0021223591
6613,0.9871084
12185,0.104096025
8089,0.6543623
14079,0.56703407
4260,0.012582455
12504,0.0013693189
13174,0.0056462977
7932,0.015342007
3900,0.99621284
581,0.046559338
2966,0.19126123
13155,0.0024836431
13066,0.0034581379
14637,0.031918805
14554,0.05277978
7554,0.0021072258
4923,0.18600607
2081,0.02638008
5843,0.0014142212
14782,0.0007200742
10188,0.31354803
5890,0.7397085
9382,0.014407096
7086,0.16847111
7898,0.0050134896
2528,0.55299616
6735,0.000838646
1717,0.42665964
14448,0.00507756
370,0.00024556371
6040,0.14128949
9996,0.0015704504
7832,0.0006241775
7376,0.184407
12203,0.0034674695
3352,0.008401355
10969,0.59487337
8742,0.023885006
9187,0.0029663749
11421,0.20776117
5006,0.006921993
7418,0.007328996
14493,0.0051781773
568,0.01233067
8876,0.2209328
9732,0.01841605
11432,0.020273345
4908,0.0009403313
6763,0.0018999967
3980,0.00039956302
5407,0.14353818
14206,0.9975095
1275,0.009091943
12044,0.0017102202
5613,0.6932871
10472,0.07139316
4031,0.0008967168
13832,0.10410178
1474,0.06315076
13879,0.2524973
5950,0.005597572
13797,0.0020956236
13228,0.033335295
5965,0.04335467
3519,0.00041663606
12371,0.10292396
12329,0.29000527
10939,0.8211682
13632,0.933196
7355,0.062782936
1668,0.2520009
7843,0.014042987
4795,0.0014688314
10304,0.0005076973
6630,0.025306264
13796,0.021624396
6153,0.05975519
7788,0.05102503
4610,0.23812152
9835,0.13446149
6026,0.49799097
13686,0.030687574
4800,0.86892706
6269,0.00075319887
7558,0.0022946214
9433,0.9938275
8716,0.0042413073
10170,0.008529164
10105,0.37101346
589,0.060163043
3621,0.5717201
12209,0.022788955
13031,0.050666098
2405,0.032691374
8507,0.0075160395
1146,0.008143124
3047,0.006141575
11071,0.8424741
11367,0.081509635
10858,0.19154209
13166,0.06871785
4613,0.0035001703
4223,0.0047863983
13753,0.42923963
5709,0.0032784205
14847,0.013951832
14119,0.14644982
8688,0.086784095
7921,0.0003252153
3333,0.001716314
9158,0.0009365166
12394,0.37360123
14258,0.0012529716
9585,0.0015573434
13992,0.1251859
2898,0.005363637
13018,0.0053809094
6504,0.006863267
11441,0.018880058
14671,0.47033873
2727,0.1610377
8614,0.094777435
8850,0.0026271422
3443,0.13049771
9429,0.00081413734
12817,0.53013444
3475,0.1498031
2956,0.118435256
6579,0.06207463
11685,0.02389728
3552,0.0029682158
11534,0.03443306
1747,0.0007832779
11712,0.9923273
8880,0.00568267
3618,0.00027913455
14171,0.018009247
13988,0.049930625
3982,0.9383656
3565,0.9993647
7336,0.0031021559
11878,0.51633495
13197,0.77220416
12859,0.01199624
11734,0.091654785
1142,0.0045280643
1667,0.00032415637
10955,0.0015120772
13984,0.0074843843
13274,0.9878265
11856,0.00026203788
6691,0.015376867
6828,0.011541926
4608,0.003033911
8117,0.0010732792
3528,0.06538002
7025,0.056964073
13347,0.0016647379
6124,0.92533433
7540,0.01808657
2856,0.99200493
8109,0.49049005
267,0.04648417
9573,0.0057796845
2427,0.025363024
10369,0.990271
8974,0.03790931
982,0.15756859
3846,0.009558718
2589,0.0027412325
14400,0.013554094
9969,0.04214677
1239,0.0031881204
2621,0.013079461
2301,0.0032940626
12531,0.019377748
9731,0.13270947
2132,0.015634935
8738,0.0008965403
7223,0.013532804
4082,0.4042208
14657,0.0019765152
793,0.0017604998
13652,0.18402936
3870,0.03131648
12426,0.039597336
9832,0.0053872624
2584,0.39935583
3402,0.54962236
11266,0.00055950694
10133,0.17342345
14907,0.12317496
13269,0.97163635
5617,0.00049779704
2761,0.04882123
14766,0.4804515
4201,0.0010967039
7070,0.87753445
10996,0.0032335848
631,0.028808525
4628,0.0005852286
185,0.38241243
1920,0.62238204
12389,0.00018637905
2022,0.04930944
12345,0.041613374
6858,0.0049914736
4709,0.031238448
7658,0.018902944
1167,0.0006761157
9987,0.9897509
5567,0.002429118
2123,0.0014036408
1743,0.0060028075
1589,0.0004231925
4118,0.77991796
5127,0.015095049
10385,0.052507583
10622,0.050229862
12395,0.00036388467
1745,0.026678937
7902,0.0009022227
13841,0.0024392516
865,0.940994
6159,0.015142229
324,0.07171038
1612,0.0011226957
2071,0.9619245
13876,0.65969175
11241,0.100734934
3285,0.03922858
10579,0.17914593
3228,0.034725443
5466,0.00684735
5001,0.01702025
13983,0.10791885
2241,0.0017019802
12753,0.00060002896
195,0.0040545575
8460,0.0043585855
13336,0.004243533
3770,0.41669306
6428,0.04187432
14389,0.989805
7078,0.9820203
14832,0.19572574
11423,0.044675965
11031,0.01195716
2789,0.45158166
10018,0.4292536
5218,0.011879936
2520,0.0029097314
2080,0.05230537
3649,0.7972504
4898,0.035895456
13115,0.9026735
14941,0.032904845
4652,0.0010906646
821,0.039261997
14049,0.023172703
10002,0.6182267
6388,0.024107454
12422,0.19803618
7827,0.0007845998
6636,0.25127172
5916,0.60045576
5712,0.17709018
4690,0.018175915
3859,0.055828616
7458,0.008275229
6802,0.010247045
3510,0.004049012
13314,0.8534266
5186,0.15129809
9988,0.002399713
14767,0.28056288
2440,0.00093428453
6173,0.014052736
4459,0.0054996707
5278,0.9678972
6518,0.082635894
11611,0.034985524
13601,0.0010070254
4665,0.0017733756
7582,0.939839
4560,0.003080728
12881,0.13963158
13925,0.99244833
4801,0.0053953654
10550,0.003395565
5047,0.21269536
834,0.07125606
13901,0.026071543
10990,0.113269836
12638,0.000864242
5583,0.97423154
12112,0.9137348
12557,0.6948178
6212,0.0017014869
13995,0.008664768
1748,0.026855992
13046,0.3081644
6370,0.0025911299
10384,0.04069584
3579,0.03140938
11492,0.0010021118
6271,0.04332299
9658,0.18232317
3107,0.12685363
7923,0.015487804
347,0.037848864
10975,0.0003354107
6088,0.37947336
5528,0.003188722
1486,0.44902885
4768,0.0060320213
10746,0.93948764
9492,0.0039548436
12090,0.95561737
191,0.0011784739
7694,0.002312415
12105,0.16248667
4695,0.99777454
1840,0.029182695
5240,0.0012004554
1078,0.01813224
10302,0.013965511
7214,0.6795127
11653,0.9384636
2468,0.002221419
1372,0.98545617
2094,0.87120235
11459,0.0030126555
4863,0.025162369
11535,0.964015
6501,0.008545809
8336,0.02497179
14232,5.740445e-05
7121,0.00050890323
12004,0.021033084
8226,0.19678079
10113,0.0015114114
12310,0.44397196
7436,0.6699293
3599,0.6107963
10401,0.00046960366
10934,0.9644569
8027,0.43634146
1713,0.81708306
7826,0.01465676
14966,0.27445483
4358,0.57594645
12500,0.044775683
14068,0.0053740465
12517,0.025286214
14867,0.0048171463
2127,0.004708518
10691,0.0071252063
2538,0.019625
11135,0.0015026618
1567,0.0028200303
5955,0.9781636
3095,0.0413595
7924,0.04910125
7353,0.0024394975
7548,0.0012281331
10733,0.21227288
2406,0.4099649
8283,0.04007681
12344,0.004463873
6436,0.9083729
7621,0.11462929
14884,0.7355727
4071,0.00586805
2279,0.23472732
2369,0.08856074
1553,0.008835863
5738,0.03832653
5942,0.30359703
5312,0.0010941869
6640,0.020611
5062,0.0015750524
3688,0.0044201133
5210,0.0015733031
14313,0.0019753764
13388,0.00029881674
4183,0.010589382
5790,0.12036698
10588,0.0027179397
1198,0.05317973
3769,0.0024180906
8035,0.004125927
2061,0.15926696
1879,0.03477569
6804,0.31878203
6230,0.0025467908
13917,0.05359295
9130,0.17621145
12814,0.00033692294
3120,0.0011872471
4739,0.006004745
3531,0.0012653695
4869,0.011234477
2653,0.06279876
14781,0.04493642
13025,0.0074609118
6563,0.004182959
14113,0.038319442
9998,0.06984663
3437,0.00068143115
7255,0.2761408
11041,0.0015595766
14300,0.046894867
4232,0.08401496
11019,0.01263748
7806,0.056034036
7143,0.008635597
10114,0.059747227
14135,0.005547528
14573,0.046567544
3880,0.2746128
9965,0.04604564
3133,0.09039379
12092,0.029523341
2455,0.0020504605
9393,0.008742499
12052,0.9907631
11136,0.72701466
2613,0.0052778604
2771,0.0017075601
7979,0.0036683695
13994,0.6598374
14370,0.0024434729
12614,0.7402921
1964,0.19799842
2311,0.007989831
9977,0.00017834135
6595,0.81661975
14027,0.5850759
7331,0.020316554
11362,0.004522022
5739,0.24171369
9033,0.03947214
4864,0.017661182
13914,0.027028568
10731,0.0043920428
6125,0.8960815
6854,0.06220531
4527,0.029714864
8950,0.79542035
6933,0.015979053
2732,0.023398828
4934,0.00019356482
6020,0.03973693
11864,0.001038684
8228,0.018644659
9844,0.003584505
4493,0.88725424
9,0.002788572
20,0.0015273177
871,0.26229295
5138,0.36958662
10069,0.020002857
10473,0.20456223
14007,0.14090215
9048,0.00047349875
7282,0.010785264
4379,0.0012647375
8993,0.84210616
9562,0.88815707
4385,0.0031387962
14928,0.0020669096
679,0.8881063
13157,0.047684427
4707,0.9984901
7076,0.00074448285
5848,0.0065184007
3367,0.09755817
11899,0.10602603
2220,0.29884374
11647,0.024782782
5749,0.00043733648
2187,0.06901562
3387,0.0063133175
3976,0.001861078
12045,0.89381725
5325,0.032688178
522,0.0013006099
5390,0.0050669336
1311,0.015097453
4834,0.040810134
1960,0.0027633575
288,0.013144619
6393,0.004372588
2634,0.002530489
7778,0.31291413
978,0.6229929
11528,0.00096361345
4096,0.065859735
5143,0.8066095
5066,0.0013657316
10653,0.4166065
13083,0.084118
8636,0.0013782732
6753,0.0018311109
7591,0.025587376
1644,0.015791979
10724,0.029742405
6575,0.30615845
7511,0.006975118
11997,0.0017642345
13998,0.1350867
2338,0.00040256008
8654,0.25299555
10973,0.0075835623
11688,0.93505037
5179,0.00041142467
7360,0.09681911
14239,0.02828606
14290,0.0017395521
2831,0.52226007
5860,0.024480537
720,0.01253843
6752,0.9975211
9666,0.99331564
9303,0.028042981
3262,0.0059786094
14932,0.09281935
5704,0.41468504
9609,0.00024963802
9856,0.0012860224
8442,0.00027859828
8568,0.4704571
11887,0.8007962
11863,0.0006279049
12833,0.031495664
9379,0.00037895315
204,0.0019002861
10536,0.35547596
5358,0.047255598
9166,0.0759711
3150,0.01034797
12591,0.002667561
14742,0.001431706
2229,0.001976186
6273,0.014777859
6310,0.45134747
200,0.5143085
3922,0.0123216715
5362,0.036125902
1219,0.014756368
12562,0.016457506
1168,0.021749444
13013,0.0065485863
8924,0.20188822
2428,0.9903656
1205,0.024973167
7115,0.0028335196
9184,0.012381953
13102,0.0013107668
4270,0.8887883
12818,0.041303944
7708,0.0010400534
2150,0.14853758
1936,0.038579658
8661,0.0029474795
13877,0.00760498
5934,0.103212915
6762,0.66131043
13100,0.004887444
11715,0.006026669
12527,0.12653409
3289,0.0057989624
11169,0.0006134906
3428,0.005896785
9333,0.0015884852
8594,0.00083281315
6542,0.446459
8287,0.004909374
820,0.0015741813
9642,0.9731049
6570,0.05599961
13858,0.40334338
393,0.0023549036
10218,0.0030856542
3064,8.533788e-05
5250,0.032028943
10753,0.9272178
10474,0.9560837
12806,0.0025253813
6673,0.16944061
5705,0.037969816
10328,0.0015880369
5336,0.042997874
14981,0.056441497
5559,0.2640603
6540,0.93046355
4266,0.0021724363
4129,0.00090506265
11454,0.000120842844
1528,0.9913686
9094,0.91361904
8842,0.20559403
5765,0.22413708
8247,0.0040864376
3810,0.6274504
4081,0.013157398
11812,0.012581904
12850,0.74987704
9595,0.28005064
3071,0.00038919496
1692,0.011092191
3715,0.0021169037
3650,0.59558916
7982,0.0028642183
3212,0.090656035
3833,0.00058812683
3783,0.2543919
12047,0.46897095
11182,0.00890551
3913,0.00042530667
8439,0.18586373
9183,0.06080377
8920,0.0025986368
1514,0.0014063382
8487,0.0211767
7989,0.32005534
12516,0.0011380337
6812,0.00038988868
3180,0.002028721
11302,0.0033960037
7456,0.002711351
4876,0.45952547
13215,0.053854346
10657,0.004381365
2267,0.00013866495
10704,0.2610957
5402,0.8212121
11150,0.0035345994
8899,0.002542182
7854,0.004783235
8881,0.0025958885
9534,0.0048110313
3738,0.010794018
4829,0.1412921
11495,0.0007965861
14740,0.32273206
12132,0.02183451
10281,0.41295698
13986,0.23636433
4669,0.054969322
11621,0.15319705
3997,0.0010695884
9978,0.010561371
8128,0.1279325
9648,0.0039531835
8494,0.5127926
970,0.00077350583
8801,0.42145675
12159,0.004382374
10487,0.0005932966
6144,0.7803159
8710,0.4413762
2067,0.0005951084
12229,0.0009038037
3147,0.98854476
8405,0.28947976
7886,0.19049722
14096,0.004875004
502,0.9998431
1265,0.5434894
11568,0.65499264
14973,0.0015455002
8131,0.012463298
8159,0.07631775
3438,0.0033112988
9792,0.0684451
1795,0.00318413
9205,0.0074489936
13457,0.732356
3061,0.0049456554
7209,0.0034440362
4256,0.0031295177
5288,0.99725074
4230,0.37471646
14830,0.0037431116
4009,0.23824172
3918,0.00912165
492,0.00533214
3138,0.044494405
12745,0.7362207
4037,0.63296986
14264,0.3792332
14087,0.00079174584
4546,0.04068292
7177,0.016363904
3427,0.409194
8929,0.012944011
1538,0.00197048
7231,0.009230509
6697,0.052321795
7233,0.00972764
10754,0.024515081
8720,0.0003961233
1839,0.029012322
14044,0.05033745
11400,0.02291458
14777,0.0026854107
5389,0.8586604
9814,0.043174066
5846,0.2639231
14776,0.20618418
9090,0.010973075
5028,0.0488943
11388,0.10021022
11457,0.27032882
13055,0.0007394014
273,0.007900524
12733,0.01458763
9014,0.005325846
6582,0.00017371002
6016,0.0019648054
6002,0.11603208
6397,0.031810254
4430,0.9556914
1053,0.98216474
7905,0.00033870115
13303,0.016227068
12786,0.4954292
5287,0.0065011187
12910,0.0027180044
10141,0.00078201416
11361,0.8378789
4018,0.9984812
13095,0.048829358
1360,0.012070759
5505,0.95862585
2549,0.0031011368
11627,0.047572393
9362,0.91038096
8030,0.0013279787
10092,0.00031237124
9803,0.005251057
14431,0.0013429353
99,0.014421789
13993,0.015996428
7505,0.031551756
2886,0.02308278
10403,0.2742358
14732,0.12579532
2612,0.09563336
3467,0.0024340136
10951,0.0012654382
6898,0.009185909
11780,0.42502165
9270,0.00850235
4696,0.3016832
14337,0.15125939
13815,0.0063713784
14197,0.9912355
14071,0.018875148
4835,0.12913619
12895,0.20426476
5932,0.1637515
1163,0.012686797
213,0.005934798
14354,0.51770985
464,0.0053204936
6481,0.0025763125
3155,0.72412974
444,0.0013876924
1387,0.0071476437
2586,0.9670555
6721,0.51903033
13434,0.000445336
481,0.0143905915
14838,0.016815657
12709,0.0035795406
12565,0.0596245
3236,0.23609799
13963,0.26259747
7695,0.009631814
2347,0.0060737473
882,0.052963607
9584,0.0013417867
8155,0.004751072
9231,0.051819947
5310,0.002588606
3123,0.07428784
11820,0.9613463
13034,0.009676301
9467,0.056372058
385,0.0031444514
9323,0.621421
3661,0.0023667037
276,0.0066173854
13733,0.037300408
7630,0.014152015
6649,0.0073776925
5079,0.037684146
4163,0.006906752
2781,0.020834183
1602,0.00501684
11141,0.0011590652
7022,0.0021970011
2561,0.0038263407
2744,0.12422055
5370,0.60104996
2446,0.0006249832
10966,0.7665937
9707,0.004852704
8696,0.0012760424
3681,0.010263287
14151,0.013135357
4211,0.0003373144
11168,0.9932545
9931,0.006557651
12315,0.11556754
5131,0.9662357
9468,0.00022871527
6919,0.009633899
2161,0.94886637
7938,0.0022014168
13719,0.30059367
1607,0.0031295298
4925,0.0015319021
11837,0.9556503
823,0.00089837966
10469,0.112069964
8150,0.0021927394
11472,0.99117005
12725,0.0002486695
4089,0.004254258
13214,0.02303331
159,0.0050174636
5100,0.9963953
5305,0.66526645
6065,0.005534359
13220,0.72406906
3103,0.042045474
11575,0.82919824
2985,0.0049327235
14024,0.08694881
11186,0.07122577
11767,0.92886114
371,0.005931744
13210,0.0165118
7954,0.0020050558
1230,0.095970035
13759,0.78671837
13704,0.004512326
4787,0.005108589
4431,0.0010325679
6788,0.09497761
13162,0.07513597
3931,0.38120162
3547,0.011181979
11338,0.0018224951
8991,0.08576456
1592,0.016506867
3961,0.955691
3835,0.0016860755
7916,0.0017432483
1286,0.98154324
6112,0.111437775
5168,0.029043682
12489,0.7814772
7466,0.00070786726
4453,0.058376223
9829,0.021478582
7410,0.0045220093
12096,0.013911377
1890,0.056661524
8815,0.006872283
5646,0.07177509
3978,0.018443497
28,0.17605937
9145,0.021413047
7307,0.0028238264
6611,0.01457618
11909,0.0029822902
80,0.29588684
1500,0.99899167
6060,0.010667819
5417,0.6736036
11407,0.9979352
12325,0.011304947
14038,0.9945721
6127,0.012069082
13849,0.00057647517
11622,0.97647595
13692,0.020670868
12079,0.9841399
5865,0.7119798
1068,0.021767093
733,0.031369567
13676,0.0016054071
7729,0.3506382
3122,0.36841786
13339,0.0037825347
8852,0.004622424
14724,0.381189
6766,0.013198101
11666,0.00047313285
5557,0.0013906651
6500,0.9906701
4577,0.014944446
9237,0.0029144126
2073,0.0021947455
11022,0.98820484
13293,0.046036217
7454,0.00034081333
10054,0.22226024
11553,0.95353174
9086,0.0037426674
10288,0.09307699
10950,0.0016582649
4333,0.013001899
684,0.06903181
11326,0.0024906395
7502,0.040663302
7217,0.004501868
12566,0.01626148
7047,0.009426881
8884,0.14773652
11868,0.03660025
8718,0.0435921
4524,0.010132425
12,0.0074539203
12925,0.0012725373
2271,0.09136255
5075,0.0020308518
6154,0.011226285
596,0.9735357
1983,0.7054885
114,0.0385691
11787,0.0056810994
6009,0.6978801
5569,0.029841123
8072,0.0068285223
14496,0.80580103
8209,0.002096137
2754,0.03647521
3699,0.5392063
14929,0.0025662126
7318,0.9010237
3288,0.99915373
3642,0.8664491
9374,0.052345198
5030,0.24064717
11560,0.004516873
12545,0.03197075
2211,0.0002942067
11054,0.98209035
1993,0.17322172
4820,0.012575917
6353,0.006353277
90,0.09842656
2209,0.2668802
5314,0.018036986
5335,0.0103424
6303,0.04008576
3926,0.6354732
1758,0.018703679
6741,0.048857447
10875,0.7252526
6971,0.017294932
4509,0.33790043
14969,0.0001832984
5487,0.0011787192
4045,0.02616694
10908,0.12823363
11383,0.6187074
7429,0.013003961
8481,0.0014120538
3417,0.0007990067
13062,0.5908145
11491,0.3701917
9481,0.67360413
13977,0.024484186
14069,0.75877994
14145,0.2941041
4645,0.21959619
5659,0.02944851
14196,0.024133297
601,0.028466241
4247,0.004989383
3379,0.0005407061
7856,0.0053181117
12847,0.040046982
4062,0.91903806
14391,0.08099465
8957,0.52944535
7139,0.27382085
14947,0.031507347
14515,0.1615021
5733,0.06539446
3491,0.19948679
10884,0.0027044988
14166,0.93778086
12567,0.016459312
705,0.039691888
13937,0.006421631
8455,0.9926519
1201,0.0028286588
5930,0.5518936
14954,0.030357838
5236,0.032560404
13471,0.056106783
3563,0.009791858
7944,0.010301482
12055,0.96447545
4942,0.0027072113
2214,0.017835695
3091,0.013097372
7980,0.0067119137
2599,0.9872556
9992,0.12722072
2997,0.017012807
11588,0.00019116154
10223,0.017306078
5676,0.66550136
1161,0.0003513905
4496,0.14925304
10438,0.28112444
7206,0.528684
8433,0.002541168
10317,0.36405534
8438,0.9125956
358,0.24995531
13170,0.7922559
1339,0.04698677
5385,0.28702426
11148,0.003130312
7061,0.010354852
12024,0.013949885
14890,0.7199169
12097,0.00063023384
3554,0.124551184
3485,0.00043844996
11452,0.033857945
9213,0.0012637236
4894,0.078609794
11815,0.95110863
1724,0.002049796
14230,0.041177094
12598,0.0071916906
279,0.012242365
13637,0.0013569968
4562,0.056745626
6192,0.078909
8521,0.7317367
12885,0.001985989
1208,0.0057776766
5442,0.36480165
1789,0.12592773
13089,0.028982777
7321,0.0032258849
3415,0.00021160391
14976,0.016720194
3479,0.0029336766
2152,0.02060758
9260,0.03169693
11249,0.00052997755
2275,0.0056447554
8703,0.0038921598
4854,0.22981256
6607,0.036391854
13737,0.0022123998
7811,0.11117784
14140,0.0016008011
2076,0.20780209
5477,0.0101767015
14338,0.02169994
3027,0.10251896
8810,0.13944004
7574,0.0069991937
8464,0.44043213
2177,0.0035906911
7992,0.05952026
2208,0.29287443
417,0.95337117
6738,0.9175432
6634,0.023306571
8127,0.284497
14568,0.023662847
13378,0.0027952895
6190,0.0037274787
7722,0.059257705
13114,0.0013382814
1816,0.0007961873
4770,0.00027803282
12379,0.10507437
3433,0.00056964095
9308,0.020299383
13938,0.077096336
8079,0.05145028
8489,0.03628459
1064,0.0006012173
740,0.042813584
13890,0.0064133736
14194,0.035718415
11869,0.23528229
8327,0.0006029153
2547,0.31853265
2210,0.005678587
14787,0.05538199
786,0.009243457
8214,0.5614546
8658,0.010418948
11327,0.025387056
7528,0.01271848
1430,0.07536144
5558,0.4320116
3586,0.8130925
10453,0.040727694
2731,0.14567642
14856,0.007555378
10967,0.0037405556
13480,0.09873374
13366,0.041209534
13973,0.041138515
11726,0.024165452
314,0.49829602
14174,0.0048547676
12023,0.08848151
9456,0.03258126
14361,0.0010880055
11445,0.005612484
13080,0.007085625
5035,0.4001241
1658,0.29700413
1193,0.99944574
5139,0.019337235
9447,0.0025075735
11996,0.095183216
1771,0.012748712
5061,0.009659345
8164,0.0025240388
12487,0.26683185
3993,0.7395055
332,0.15633784
5503,0.9886889
11963,0.90739554
14225,0.014521099
6918,0.17729299
3654,0.060827903
8519,0.020653255
8238,0.0013044433
10971,0.008607935
10859,0.002210915
151,0.12554342
12268,0.0006058973
7516,0.0012564689
5323,0.058574323
8457,0.29525378
9984,0.0010561907
3311,0.002817023
11834,0.0085261725
3555,0.02148152
13394,0.9296685
3550,0.8032636
6202,0.49938944
252,0.030373907
9402,0.9927758
13870,0.81565326
11958,0.5051763
3720,0.02723619
13564,0.9897647
7803,0.025832243
13288,0.014083986
2394,0.9225473
10573,0.8546083
11129,0.00457833
10670,0.056267824
10827,0.0020264392
10830,0.5561916
1763,0.057557844
3213,0.019479254
14597,0.99178386
10633,0.020401053
6095,0.0033750737
5302,0.026019713
12805,0.00064655906
1824,0.004721301
7297,0.0045028427
7324,0.002223552
12062,0.03717965
6926,0.020521237
11682,0.006882138
13891,0.0076149195
1999,0.011505339
4476,0.17625982
14302,0.011442003
12631,0.0012540121
301,0.0982471
7774,0.08472479
6377,0.0028415448
9575,0.0030060404
10811,0.00013231284
2046,0.0012080433
751,0.0006591433
7192,0.009978429
9352,0.0013208084
5258,0.08716377
14986,0.0017056916
430,0.052451253
494,0.033576693
6493,0.23671432
13511,0.24726903
11368,0.0004957273
3723,0.0017065858
6927,0.001690548
11789,0.0024280804
4953,0.00025059763
4151,0.00065862836
9659,0.95410484
11831,0.03720491
663,0.3905685
9020,0.003904137
4718,0.00050990493
11476,0.11782261
5810,0.004716348
14667,0.12409934
1101,0.009958608
3939,0.014640964
10823,0.27938807
11494,0.0009785664
13231,0.45887393
3561,0.022534164
14001,0.0075142183
10383,0.066971585
14364,0.021770226
12962,0.06426445
14640,0.7479141
796,0.37187186
8835,0.021415606
11592,0.9456199
4397,0.00068149186
9710,0.33378273
12861,0.008269834
7870,0.34333882
4100,0.4252964
3446,0.05566781
4737,0.10253437
6809,0.4212788
1259,0.015528675
11038,0.015571048
4520,0.007377846
6777,0.011710783
2657,0.4315894
5423,0.0025611632
7524,0.013678492
14,0.048116215
4309,0.20746751
2527,0.0038239677
11944,0.30148855
4676,0.0024781995
3156,0.0021271666
10826,0.0032808227
1834,0.76940745
5644,0.9467635
5817,0.1687925
9275,0.08002918
6392,0.004496832
3919,0.058628388
13125,0.6763436
533,0.959964
10926,0.0016584945
11813,0.0030093633
9925,0.0002815725
6829,0.9407849
3719,0.39181453
2991,0.68592435
8894,0.27126843
12865,0.00061278377
6036,0.98990786
13354,0.023033792
2021,0.010078767
6328,0.863527
14702,0.00057175825
13146,0.007920631
3492,0.02427093
7199,0.00095067424
2283,0.99779797
13420,0.0061798855
11075,0.012810941
12074,0.98649526
10702,0.001202673
2222,0.0019993866
7176,0.034031536
975,0.0069653788
14482,0.0012421813
3116,0.9623412
2448,0.15020193
11320,0.031489402
7213,0.0020809458
11493,0.06811048
10693,0.75427246
6227,0.0018466815
7973,0.47274524
3015,0.023830902
1738,0.70317554
3088,0.4851795
13600,0.00017849241
8237,0.0033869252
1229,0.9315344
13460,0.7116157
14408,0.0030835147
13631,0.039368168
11094,0.017158406
250,0.16603109
1241,0.010193797
2269,0.03179784
5688,0.014735549
1856,0.0006919318
7882,0.22645545
8743,0.921899
14845,0.00068225316
6323,0.043009482
12959,0.0010468798
499,0.0011342749
125,0.008644513
3522,0.6725094
5241,0.90898144
7183,0.00030479312
13855,0.0005297175
1663,0.97771215
1447,0.23291117
8935,0.24408163
2570,0.0025328647
11152,0.9961061
10864,0.011244958
4637,0.004534644
1196,0.9553508
11988,0.9967403
9940,0.00097638293
8067,0.00049588917
13436,0.008401652
7222,0.018635182
2783,0.066318356
7091,0.029832745
1502,0.02540923
3750,0.00020059293
3676,0.060138945
13259,0.4712498
5687,0.13134815
8070,0.010188572
5053,0.004247456
8956,0.22053741
13665,0.0049657403
8171,0.0043138606
13722,0.026740724
148,0.015747136
14321,0.93743384
1940,0.12827295
5206,0.000877702
7650,0.0033948016
10318,0.5802371
8318,0.07260037
1385,0.016002065
2957,0.93178046
2332,0.76775384
14177,0.001205263
4153,0.7783595
7193,0.00087200187
3895,0.0038028737
8910,0.6103834
14459,0.0074291565
14050,0.6508688
13445,0.8860713
4439,0.028173583
5998,0.0016762047
11268,0.88783437
11057,0.024594054
1338,0.111720525
5747,0.00795386
925,0.54574746
10943,0.8608954
14163,0.0027658867
1566,0.03611936
6991,0.006380616
10871,0.81804883
4368,0.009773635
1944,0.3795817
3884,0.08296704
4584,0.0014818959
14905,0.564313
11576,0.0043008416
30,0.0005997619
11419,0.019255504
6813,0.0027782524
8708,0.026502497
13216,0.14178605
14057,0.007076559
14348,0.010315921
11389,0.0016751599
10026,0.004028571
701,0.0011512685
13533,0.050016437
13811,0.0040828446
8901,0.02294074
6430,0.010273168
11659,0.0023009705
456,0.0004959414
7686,0.004989312
8330,0.0052055665
6460,0.0039673694
8094,0.000116536445
4023,0.0006073253
12093,0.9470707
11037,0.003054015
8987,0.009485055
4051,0.004499668
4022,0.15599991
8054,0.00021661405
3202,0.0035398784
4382,0.011864877
443,0.011547504
3602,0.013384925
794,0.0007576217
10232,0.9866105
11736,0.1320611
1392,0.0021274034
6449,0.015606223
3256,0.03061367
6602,0.99102986
3141,0.011685909
2401,0.002737059
854,0.05988298
3955,0.025177523
2978,0.97962373
6367,0.015457703
5599,0.00030119988
14931,0.0004625864
3343,0.8122017
9347,0.049781185
9841,0.040292293
10236,0.014046295
2910,0.66940755
6488,0.012329834
2467,0.008059948
7723,0.5846465
11798,0.005353664
8161,0.0064563253
7043,0.9983741
6968,0.013159151
14754,0.35356158
13835,0.025615972
5870,0.9925741
12521,0.004394105
12924,0.0031150456
1035,0.0020175944
14910,0.8258728
4386,0.06670506
7897,0.6091968
9881,0.014936531
2349,0.0018032866
8475,0.0011685615
10619,0.045925815
4372,0.031408153
4957,0.33902115
